author,file_name,id,persona,relationship,engagement,irrelevant
k12techpro,7.txt,1hx2hhh,School IT/admin,Unaffected,"Information/News-sharing, Express Concern",False
k12techpro,20.txt,1i5rluo,,,,True
k12techpro,21.txt,1i5rqf2,Reporter/Media People,Unaffected,Information/News-sharing,False
k12techpro,27.txt,1iah8vv,School IT/admin,Unaffected,Information/News-sharing,False
k12techpro,44.txt,1khu3sh,School IT/admin,Unaffected,Information/News-sharing,False
k12techpro,49.txt,1kp9hwn,School IT/admin,Unaffected,Information/News-sharing,False
k12techpro,50.txt,1krlo2d,School IT/admin,Unaffected,Information/News-sharing,False
k12techpro,1_66.txt,m629pvi,School IT/admin,Unaffected,Information/News-sharing,False
k12techpro,6_2.txt,m664g44,School IT/admin,Unaffected,Information/News-sharing,False
k12techpro,6_4.txt,m666310,School IT/admin,Unaffected,"Information/News-sharing, Advice-giving",False
k12techpro,6_6.txt,m6gobhx,,,,True
k12techpro,14_12.txt,m74ymyp,School IT/admin,Unaffected,Information/News-sharing,False
