,id
0,1hw1m3x
1,1hw1n69
2,1hwt7ox
3,1hwthy5
4,1hwx1n1
5,1hx2ghr
6,1hx2hhh
7,1hxedsq
8,1hxewgl
9,1hxqotl
10,1hy4bgy
11,1hyifqc
12,1hz18no
13,1i0s99y
14,1i16nj9
15,1i1xqiw
16,1i33iq3
17,1i3525l
18,1i4hbrr
19,1i5rluo
20,1i5rqf2
21,1i5ypr8
22,1i6j2jo
23,1i87jzh
24,1i8h026
25,1iafidv
26,1iah8vv
27,1iahdgc
28,1ibsdbm
29,1id5plr
30,1ihzs0i
31,1iqh5s8
32,1itikdo
33,1ivbwjq
34,1iz108m
35,1j85jwb
36,1j8v5yz
37,1jujgpv
38,1kd27dr
39,1kgxoyn
40,1kh4kya
41,1kh4xlx
42,1khqnbw
43,1khu3sh
44,1kijbr2
45,1kiobkp
46,1kiogda
47,1kly3q5
48,1kp9hwn
49,1krlo2d
50,1krmm54
51,1krn49t
52,1ktrqc0
53,1nhoyg3
54,1nqfbsy
55,1o3yki6
56,1o8caq5
57,1p8e96l
58,1i2t4os
59,1icbzl2
