Anyone a Powerschool customer, have you received an update on the Salesloft Breach?
1nhoyg3: https://help.powerschool.com/t5/Technical-Contact-Announcements/Security-Notification-Unauthorized-Access-to-PowerSchool/ba-p/555327 This was the post from Powerschool on the community forum (you'll need an account to read it). It mentions "customer contact information, support case metadata, and the contents of support case communications" which are concerning. Has anyone had luck getting them to respond to a request for more information? Other companies we've contacted have been able to provide a list of affected data. Powerschool has been radio silent ever since this post.
|
├─────> ned4qxg: This is the first that I've heard of this incident. They don't seem to have sent any notices to us, and we're subscribed to just about everything. Neat.
│       └─────> ned6ec4: Same, we had to reach out, no email or official communication. We are also fully subscribed to all of them.
└─────> nefll0x: More details without a powerschool account?
        └─────> nevg6nf: Added it in, not enough communication going on about this. Too much is as stake for it to be ignored.
                └─────> nevkf8d: Appreciate it!

PowerSchool SIS Hosted Districts - Check your machine uptime!
1nqfbsy: Shortly after PowerSchool's data breach, I discovered what I believe are unwarranted delays in applying Windows OS patches to their SIS VMs.  For comparison's sake, I have been checking on two other vendors that run Windows instances (Tyler and PSNI).  Both are ahead of the typical patching timelines I've observed from PowerSchool.   Unfortunately, these delays have taken a turn for the worse.   **Currently, I believe many PowerSchool SIS Windows VMs have gone without patching for 70+ days.  I have a statement from support that (at least for my VM), they intended to continue that delay through mid October, meaning they'd be 3-4 full Patch Tuesday releases behind at that point.** I did manage to get my AM to pass along one statement from the engineering team this spring.  In my opinion, their justification was concerning and revealed shortsighted and dated practices similar to those that led to their breach last winter.   I encourage you to do the following: * Check your machine uptime (System Management > Server > Server Statistics).  If it's high, it indicates they haven't rebooted the VM to complete the installation of Windows OS patches recently. * If you share my concerns about the risks to your student data and agree that they should be prioritizing a more prompt patching schedule that aligns with a modern threat landscape, please open tickets and start conversations with your AM and CSM.
|
├─────> ng7e13o: How do you check PSNI uptime?
│       └─────> ng7epfx: I was able to get to the event viewer in a roundabout way from the print dialog (which, admittedly, shows they should probably have a few more policies preventing running other apps) and found the Windows Update events.  They applied the September cumulative last weekend.
│               └─────> ng7gcz1: Ohh fun, thanks. Sounds like the type of stuff I used to do on the computers in high school to get around stuff 🤣
├─────> ng7el6v: Confirmed - 72 days here.
│       └─────> ng7gggr: That's consistent with what I'm seeing with others.  I greatly appreciate if it you can push the issue with them.  I'm one small district and I think getting them to change this is going to require power in numbers.
├─────> ng7in8t: System uptime can't be used to determine last patch, because hotpatches exist.
│       └─────> ng7lhag: They confirmed their delayed patching practices in writing.   They also agreed to patch my instance sooner on multiple support tickets.  Every time, it has required a reboot.  They also stated they use BigFix to patch, which does not support hotpatching on Windows Server 2019.
├─────> ng8eiw8: Wtf
├─────> ng8jdda: Well our host is apparently doing reboots, so I'd sure hope they are applying patches. Uptime: 12 days, 19 hours, 43 minutes, 0 seconds
├─────> ngbem35: 29 days, 17 hours, 1 minute, 0 seconds
├─────> ngbrb4s: || || |75 days, 10 hours, 32 minutes, 0 seconds| We're switching to a different SIS next year, I'll be glad to be done with PowerSchool.
├─────> ngbrkff: Uptime - 75 days, 10 hours.  We're moving to a new SIS next year.  I'll be glad to be done with PowerSchool. || || ||
└─────> ngbrqls: Current uptime - 75 days, 10 hours.

